{"30":[1.5656894399999999,1.477757387,1.5118632779999999,1.404621705,1.13883253,1.748554194,2.063483461,1.556877501,1.875747015,1.4942474140000002,1.335453068,1.1106402869999998,1.38283522,1.3874960729999999,1.5465692510000002,1.42426655,1.613522631,1.214596322,1.40676298,1.405716429,1.403506004,1.230141399,1.794252834,1.5179888639999999,1.4281923939999999,1.270814331,1.431961188,1.205442731,1.783112138,1.41409742,1.861690254,1.358963053,1.7307408679999998,1.788442593,1.261900198,1.573139284,1.301297574,1.254759923,1.3858866179999998,1.418972242,1.5990462029999999,1.5188773340000001,1.47251253,1.6808964839999998,1.4356771879999999,1.485880426,1.302092744,1.5517832550000001,1.48674026,1.45194045,1.5183960459999999,1.592774066,1.5754117920000001,2.015884376,1.5424023580000001,1.539584126,1.784949701,1.644094635,1.406141657,1.473244542,2.198004241,1.476622967,1.269522884,1.375732801,1.380948465,1.522197937,1.427017346,1.258157554,1.418861073,1.421483153,1.685089011,1.3938924410000002,1.363288438,1.368443488,1.362336767,1.3630207300000001,1.504579549,1.48688896,1.520558436,1.5838337150000001,1.4847624560000001,1.332087988,1.352460474,1.294311071,1.780424661,1.7156074700000001,1.213422667,1.506741935,1.370195287,1.6399510629999998,1.481633318,1.452771857,1.7217326910000001,1.430847752,1.678266161,1.984836153,1.4854919340000001,1.4653669329999999,1.246209103,1.3574990249999999],"100":[2115.925563194,2098.230588591,2094.741257647,2070.43068529,2087.234101548,2106.041720411,2146.828650122,2156.124025275,2102.390691272,2075.053614681,2060.377244584,2114.58559088,2047.581456633,2091.920109212,2121.409964391,2125.5822258499998,2072.517450004,2106.10849211,2077.317788022,2075.390572848,2085.096600465,2145.584991756,2082.1096328520002,2072.172948259,2074.8392197870003,2133.90103019,2095.602389518,2081.1055558010003,2115.855844455,2061.976271176,2123.8370163619998,2058.474080119,2087.211776188,2113.908370792,2090.642827981,2123.338717708,2045.20695036,2098.8427892990003,2086.311533864,2116.3915255379998,2153.008815415,2127.237340335,2071.580693557,2086.094375766,2087.2414746990003,2068.176310252,2080.786162305,2146.692875229,2124.543074093,2101.78181162,2060.366396515,2130.5469007889997,2100.683847976,2178.1623351539997,2116.164365577,2101.505586151,2099.4923998140002,2091.703260409,2139.664479929,2240.543094478,2092.054293578,2110.230064672,2055.2124185929997,2083.44420854,2111.127364651,2105.7096760540003,2061.368181846,2083.010685833,2052.349897106,2130.0925824329997,2100.537390469,2097.908788291,2123.365205864,2106.682804729,2158.2442077719998,2165.372150503,2120.0671363,2076.789341805,2092.470707311,2119.880374106,2066.009899504,2143.413817721,2052.106517128,2141.0734580959997,2124.625337425,2061.507868113,2056.05208152,2071.781648983,2025.3107823750001,2039.05151231,2082.809077628,2099.055603789,2075.237691989,2020.606232764,2110.692572886,2118.363977468,2046.462378341,2131.716217376,2056.097533045,2068.569460667],"10":[0.029057406,0.03279503,0.031442524,0.019033858,0.02502267,0.017512153,0.022016176,0.017669588,0.012917466,0.017739144000000002,0.010877313,0.021804063,0.007623699,0.027395675999999997,0.07230153299999999,0.026635973,0.032805376,0.030520252,0.112248757,0.022496316,0.075519106,0.038975371999999994,0.015780229,0.029633982000000003,0.022977967000000002,0.015732463000000002,0.017707093,0.024354133,0.032002107,0.020168896999999998,0.020058311,0.021400415,0.101620557,0.023330194000000002,0.026100368,0.020209617,0.02106407,0.015158265,0.071337162,0.038420933000000004,0.018995636,0.026194602,0.078650703,0.020814673,0.08985805699999999,0.029809475,0.029099856,0.063412026,0.025021256,0.018933958,0.024581137,0.018494028,0.021563778000000002,0.014141803,0.012344391,0.017178529,0.014247438000000001,0.014135973999999999,0.077315523,0.032643272,0.019922138,0.02157205,0.017436148,0.022961184,0.019523172999999998,0.017688094,0.012785874,0.017083443,0.024460699,0.033768466999999996,0.025798296,0.016003772,0.01888043,0.026033226,0.020666645,0.012553157,0.018359841,0.018989857,0.021391493,0.024841532,0.013667067,0.011959118,0.008930138,0.032782016,0.021464126,0.018706675,0.023271315,0.011798822,0.022353142,0.022787548,0.028095742,0.014764298,0.01968082,0.015764842,0.030251478,0.023019147,0.013132714,0.037128996000000004,0.033134105000000004,0.019695284],"60":[118.074222534,117.650395153,117.403096956,118.015334914,116.525932752,120.128100922,114.661941839,121.777057837,119.10589864399999,123.250512138,117.647528496,118.548224609,119.341606932,111.07540666700001,117.081535359,117.650262836,115.729087857,117.353586321,120.04495300500001,117.559836604,119.363762395,122.865942599,118.351351397,114.048443285,115.37795639,123.75580061,119.251652428,111.176521793,115.651604635,111.612438538,115.81787181600001,116.77000235,124.67819983,113.18468621,115.17361547,116.83575237100001,115.209480925,120.92074227900001,120.046530245,116.920031935,109.746160136,116.73512135,116.345749917,115.16358535500001,118.927326185,113.827637722,113.282596197,115.136968807,116.297025358,113.660701879,121.61916342200001,115.934339946,118.425400206,115.47348367699999,113.71888069900001,117.595680023,116.238454491,117.101781816,118.767217039,115.999323271,112.61362093000001,115.089751677,114.289733601,125.225948086,118.040350953,111.394703709,115.123635447,116.038484653,119.537178791,123.038137275,115.12852408,124.409083507,117.076766763,116.425195171,119.90294373,132.079966598,119.209727402,117.82678916600001,120.931127905,115.475469191,115.165359091,121.163457651,119.147944103,112.28395412,122.776178175,118.805349656,115.126916698,114.124507263,122.248196565,115.323884502,113.73208391300001,112.805177672,117.720639301,117.80310116,118.164700403,119.764282051,111.23632065000001,113.385473966,112.188059767,115.71184187],"80":[641.564248132,636.852494,635.169414932,628.368382484,615.3063887840001,633.614030056,614.9023945270001,644.85682004,652.300657495,664.0806190620001,614.981404013,620.343427654,626.3213857469999,615.1590428840001,645.125536082,630.203049376,648.058252201,679.4737875129999,635.375848607,627.1013181789999,653.170077951,624.675242797,665.2497481160001,637.7921481989999,650.023902122,637.191260952,646.5141637,641.4588162609999,620.728202561,623.856230307,629.44570596,622.0603563559999,640.0274173319999,637.4900960370001,615.204864818,623.481306515,656.645411613,632.07640856,608.353416294,612.3448062030001,618.5115830870001,640.262330979,643.977085494,612.665133484,655.347089925,638.588608191,622.102179175,658.9261942139999,633.033626287,645.939422412,639.1037731710001,644.330245366,640.240655132,668.7956709910001,621.079643799,651.950985241,653.247257139,609.9838081529999,624.5499877450001,638.396952216,654.27626195,629.710631085,631.509643956,634.272331089,646.3384787939999,624.2063601799999,633.839683915,637.8696888090001,637.598688684,620.7063599710001,661.5466753310001,625.78878912,642.5243207359999,659.780433101,637.924283134,716.117582782,645.893101989,654.3812611550001,640.747189624,658.834371607,616.685997956,672.934590183,652.019946716,646.600236829,629.681492705,644.116515777,644.735027768,628.885121636,657.79281768,630.473282388,649.190726514,629.673427217,630.1284625979999,626.405064785,654.0711193669999,653.596789217,657.997334906,646.0456554579999,638.911047401,646.335353689],