{"30":[0.518870191,0.5057633709999999,0.40575531899999995,0.410684264,0.435817877,0.474319086,0.392525263,0.439155032,0.521768122,0.576875464,0.425539409,0.443654739,0.387871931,0.527606285,0.479042654,0.400312015,0.487184151,0.400907142,0.48717759299999996,0.390421259,0.420581015,0.48178888200000003,0.400751741,0.44309259100000004,0.462291864,0.37992198400000005,0.425976782,0.40486732,0.449916851,0.431898872,0.448573571,0.53894895,0.576952314,0.43582595,0.443781673,0.405222822,0.39754813499999997,0.54181477,0.433976639,0.405855584,0.45336321199999996,0.549083058,0.466666001,0.474854792,0.44127249100000004,0.50627723,0.40251835,0.5329905429999999,0.434466018,0.436627431,0.5395406559999999,0.441706955,0.5360448579999999,0.38997525200000005,0.42260076,0.501804807,0.397976094,0.519575221,0.44337948,0.466033562,0.427692355,0.427837518,0.384009419,0.437911762,0.419577813,0.338392462,0.490751069,0.49028713500000004,0.433108854,0.422848388,0.574624716,0.483265179,0.500367335,0.37481675,0.500348455,0.401345292,0.42082459099999997,0.420549822,0.417555424,0.41225230399999996,0.471091612,0.487669459,0.433643096,0.482703661,0.457229106,0.368469693,0.445440624,0.387853513,0.391630435,0.6082605600000001,0.40937554400000004,0.41504613,0.5476399049999999,0.423402349,0.438472893,0.546402725,0.542684594,0.551159552,0.448010099,0.409009024],"100":[48.549080838,34.813295722,35.707996711,36.029566636,35.980065068,33.747030378,44.950852009,34.547258744000004,36.848003931,39.198894449,48.791494695,38.618531782,38.524931779,40.804012760999996,39.918006337,35.141201508,37.509706509999994,32.556274521999995,54.665424518,35.993186084,38.420531822,40.788407262,54.195135634,35.550232647,48.348421140999996,35.780157781999996,35.650933858,36.281151746,50.212910375,37.290035901,50.444900297,34.740405862,54.09162867,36.695992745999995,53.054512560999996,34.330592736999996,34.431414028,36.500016061000004,35.716781212,37.58032719,38.94459071,37.95296681,38.809174323,39.22535644,57.12747843,37.310041905000006,50.543315912,37.872825585,45.687525011000005,34.628971488999994,35.11070259,37.432604773,46.309682615,34.784135692,46.998918827,38.581438534,35.405319723,36.557167539,36.958937988,37.533139807,51.509897505,40.355788112999996,53.674448232,35.530705614999995,45.034649847,34.023075311,52.975495564,35.649120689,34.931168402,37.433573851,35.954898315,37.410467092,54.159754387999996,37.341044935,38.00681234,40.406562209,39.720640638,39.10060165,50.772790764,37.019502377,50.808319874,34.392751548,50.949030856,41.858491879999995,35.854410845000004,35.396282618,56.420132584,38.985034106,35.545778588000005,35.420830339,35.668962473,37.659814324,36.036544342000006,35.994327059,46.527350244,35.185894227,42.587440351,44.391986966,36.551480265,33.938843038],"10":[0.053939732000000004,0.021335686,0.038133993,0.040192502000000005,0.044489245,0.031056817,0.028634727000000002,0.043357148,0.040691578,0.02020363,0.041437309000000005,0.040892852,0.039282181,0.03141951,0.043997047000000004,0.041040138,0.049310233,0.039075574,0.045180068999999996,0.038772416,0.033408381,0.040704878,0.05317584,0.034327410999999995,0.045029831,0.044914119,0.050133260000000006,0.0396837,0.03721837,0.022765502,0.024584143,0.04287358,0.033310325999999994,0.038319595,0.042835763,0.033326716,0.020307752000000002,0.033594079,0.042431786,0.04645974,0.034040109,0.017286656,0.044104611,0.039714506000000004,0.034126338,0.033398881,0.042340526,0.044265487,0.074652,0.045979489,0.045219529,0.03167322,0.032225436,0.043985059,0.019091182,0.033108452000000003,0.028337070000000002,0.029385067,0.043540287,0.035026538,0.028254372,0.037125284999999994,0.014669178000000001,0.015136513999999998,0.035234873,0.043550805,0.017436834000000002,0.039220045999999995,0.049225106,0.027695292,0.025315650999999998,0.033330111,0.028657096,0.049162541,0.049430351,0.031146712,0.040343997,0.03133975,0.026284023,0.03143146,0.028941102,0.038718138,0.050264317999999995,0.038874348999999996,0.046924252,0.037520088,0.050085648999999996,0.039542472999999995,0.042294724,0.038447032000000006,0.025531539,0.026466688000000002,0.016661099,0.041651134,0.04543223,0.027732062000000002,0.04327186,0.038643261,0.028847308000000002,0.043636962],"60":[3.1143618269999997,3.029426332,3.160814865,3.089472466,3.085614418,3.0278883669999996,3.046719591,3.002148078,3.000319481,3.1073603210000003,2.944059411,3.166707044,3.2413754939999997,2.9989991419999997,3.183276765,3.012340157,3.0396752400000002,3.101152677,3.164698094,2.944528723,3.164856292,2.6332368539999997,3.092837614,2.551404565,3.1768810239999996,2.800142674,3.0606279549999997,2.957583309,3.254022719,2.941773181,3.043641398,3.10461599,3.135523044,2.687061851,3.0058351379999997,2.919174274,3.0022484749999996,2.910505991,2.994413379,3.4622825969999997,3.03988737,3.161650915,3.192760287,2.867942942,3.759847149,3.071678156,3.133894721,2.692520758,2.971812078,3.1494523020000003,3.014483583,2.789924791,3.1277164440000003,2.649220174,3.1280340900000003,2.6290342960000004,3.177581949,2.607100951,3.132036392,3.254752362,3.057348434,2.907119801,3.06846562,3.015560735,3.072956468,3.126743003,3.052335146,3.08555745,3.000399876,3.0566319020000003,3.1142053990000003,3.097503949,3.007088559,3.057865018,3.155953455,2.927025758,3.7524197729999997,3.557278267,3.2867369629999996,3.200422485,3.160510271,3.155037315,3.066592844,2.9596513239999998,3.154679707,3.196647413,3.174204155,2.768034707,3.0999907700000002,3.294596536,3.145288416,2.979260363,3.034235861,2.727584851,3.1021048810000003,3.548137005,3.239244646,3.439913539,2.91362726,2.9060997100000003],"80":[11.897074733999998,11.810208977,11.808589854000001,11.59245193,11.786137140000001,11.528630539,17.987713214,10.899215295000001,12.437010269,12.939277606000001,12.325629886,11.657761073,12.904854319,12.159731061,12.957237415,11.350537474,12.234347283,11.9465277,11.844603585,12.241412411999999,12.636923547999999,14.130181669999999,11.831547841,11.301497059,11.651475979,12.129712864,11.507326354,10.936742474999999,11.843593888000001,11.880302073,11.572044358,12.025322618,11.750774003,11.092157303999999,11.339188712999999,11.677167046000001,11.791091947,11.832127958,11.684249343,11.304024753,12.289180607,12.44526247,12.300275188,12.455133282,12.911815738,11.239191588,11.276369554,11.286360403,11.484722502999999,11.42913321,11.18628421,12.111841902,11.818037969,11.883189266999999,12.775632109,11.248733271999999,11.870748101999999,11.365613282,12.017679739,12.215739297999999,12.469183379,11.862921555,11.379661776999999,11.907203724999999,11.77458888,10.695286409,11.583769981,11.533771246999999,11.64090913,11.309692053,12.060119591000001,11.164880586999999,11.558162701999999,11.597209064,12.113203074,11.090657007999999,12.761825568999999,11.686034810999999,12.712086034,12.302301083,12.02244043,11.48519578,12.492827383,12.14921228,11.440762004,11.581512463000001,12.987342366,12.230417525,11.416211100000002,11.884957171,11.824969799000002,11.501941112999999,11.609968247,11.674661767,12.195893356,11.104152654,13.100643703,12.637007416,11.827939615,11.798708075999999],