{"30":[5.590856614,5.485520889,5.437177469,5.57812329,5.198201602,5.669883676,5.515893095,5.827322848,5.751134014,5.44998129,5.34111182,5.24033514,4.881401807,5.391502287,4.987628241,5.516430163,6.298025838,5.131067032,5.477356408,5.206081457,6.48100996,4.942638624,5.603158994,5.372208587,5.447898494,5.14638338,5.326893202,5.64315935,5.393063353,5.500974266,5.647200422,4.967827661,5.784380909,5.367875934,5.276192068,5.263339861,5.363776236,5.294324975,5.093561869,5.541397214,5.556101874,5.591834616,5.728076427,6.051839097,5.353113604,5.251337068,5.257760793,5.468024334,5.557283859,5.528893979,5.612322978,5.486270887,5.156655547,5.628984905,5.56469282,5.634867989,5.473611555,5.87305697,6.250066811,5.594365122,5.536846589,5.447221733,5.572269809,5.632458749,5.289727181,5.571200564,5.337201569,5.158058863,5.334969806,5.486240021,6.105108519,5.859407276,4.665904166,5.165180244,5.463622919,5.789591735,5.4218519,5.700206903,5.602175629,5.921912973,5.132173615,5.242001254,5.266306698,5.357103159,5.261159835,5.108726861,5.086909791,5.18745234,5.328629736,6.511412469,5.589187248,5.306112334,5.764387449,5.525303175,5.888415003,5.907414029,5.969918941,5.599772181,5.38155126,5.927150103],"100":[14131.256694037,14018.256587832,13860.94423732,13524.505625597,8311.097043193,14357.371195685,14271.82061454,14262.879501117,14666.951698607,13894.968658871,14102.857391505,14349.253352697,14147.248893367,7644.487414662,13778.899420237,13854.875508293,14154.834735639,14523.50655261,14050.253602836,13946.082483519,13648.885105465,14027.917458285,14110.073427333,14104.090813723,13882.611041172,13911.530073093,14396.378538226,13939.334161378,10000.783921517,7579.132435011,14161.955930151,13241.836629979,14107.005039692,14139.463512081,13659.024243309,13898.072984181,13576.03623584,14090.031553831,14134.094317821,14248.374756807,11121.925359914,13347.116721481,13727.638636128,13785.398450279,13868.226924754,13634.881336085,14114.996071088,14203.452693381,7872.188379264,14397.898301843,13522.510134791,14346.589490454,13411.360332769,7651.820033992,14091.300076567,13778.082216938,13894.30400634,13765.873427119,14419.960017611,7894.160821638,14421.624884879,14274.12499712,14083.639787696,13638.638045922,14123.827622077,14056.390878784,14103.331014926,14335.877033053,13782.272820311,14228.603234471,14159.483394865,7588.221730223,14191.446165993,13882.158287336,14556.71856486,14259.149459855,7800.997007985,13851.299063209,14363.121064056,14293.120604949,14559.796102825,14409.515436626,13740.751780753,14392.44009924,14493.270033952,13903.507799631,13907.580029923,14114.973015203,13740.944131954,7389.837770126,13841.605992376,13563.393847073,13892.747789652,12902.946650192,14182.052344462,14231.142516607,13298.302817708,14028.374608288,13811.300158543,7470.926898453],"10":[0.030912418,0.022101712,0.029184992,0.027185739,0.03152202,0.020163596,0.033705078,0.01701791,0.020785316,0.025624506,0.01765621,0.01986747,0.012761369,0.019836139,0.037684563,0.026238194,0.026367561,0.037492919,0.017747856,0.023005286,0.037173129,0.029871209,0.022700415,0.02840388,0.030161802,0.018054728,0.029288075,0.023738721,0.026180744,0.030185874,0.0213968,0.032187233,0.070980935,0.031079416,0.030300433,0.023544665,0.043784565,0.0230396,0.032146419,0.029287652,0.033059989,0.022345086,0.037068731,0.018553672,0.219942442,0.022162294,0.030655972,0.262847177,0.026569033,0.027856107,0.025909807,0.028494759,0.022803124,0.028226771,0.026681041,0.045632994,0.026128201,0.021840412,0.032581545,0.030068898,0.026801299,0.026297038,0.020993133,0.02940612,0.026790128,0.036189122,0.022047544,0.028032926,0.028083875,0.032623005,0.038590541,0.034378699,0.023222413,0.027136529,0.155182609,0.015545633,0.031300681,0.028278197,0.025850274,0.034251967,0.015813237,0.015130244,0.018658256,0.02360973,0.024641675,0.032013315,0.03545121,0.009899683,0.029390366,0.021222389,0.030930179,0.023138609,0.024040948,0.023397533,0.018604588,0.025506485,0.019611704,0.037618253,0.049182607,0.033366956],"60":[357.888750637,355.83159713,351.682287635,343.866608533,332.274106245,347.453164689,349.810767838,362.252416708,343.309596731,346.924796922,354.404402978,354.62929146,357.872139609,338.893762178,340.360273134,347.705214557,359.009993048,349.545190186,357.094525577,348.042839169,361.164090509,350.6133885,360.986955909,345.9787437,347.243811878,359.861180594,356.837386414,338.775135404,339.705726599,332.890220233,339.484022296,343.059241303,365.130454313,338.476439129,350.179681211,355.97444183,343.667388436,361.991810726,347.714259729,347.116870544,329.020918539,342.905752611,347.089502731,345.447547236,362.47807545,348.734532745,346.121460823,341.497448838,353.926328,340.985898611,357.777685401,346.898888331,353.294022822,342.003179721,350.096924187,347.808095379,343.339562958,349.745435837,367.733048593,346.921019933,332.004745615,335.433855021,346.32243064,360.511603108,345.420638753,328.84381222,338.448699896,347.210517245,348.554708717,346.142223709,355.271519152,374.030075102,351.750009452,351.63240731,364.48409516,352.464292486,347.093309007,350.10351674,358.424371923,353.078600497,347.648153577,353.369618073,349.702118365,327.927271429,356.393148689,352.843286123,354.108228219,350.83646569,347.918223249,336.245424662,337.665846891,336.064916252,355.129909792,352.73171012,357.05635858,358.954406849,338.435264093,338.248181432,336.731622409,349.069224129],"80":[2026.561700205,2042.127887236,2042.909805403,1977.332666331,1946.972163078,2010.721593627,1927.199560033,2008.269729383,2021.144443854,2060.931679589,1964.858972008,1951.089406823,1978.733923195,1990.208983919,2018.424198829,1983.955803286,2008.357326549,1952.477052538,2000.849173869,1962.568998685,2100.381643488,2027.745507562,2150.981813595,1989.833689497,2071.996715991,2056.03004832,2033.054388083,2040.711617645,1966.483030505,1997.960441029,1985.346898567,2013.957074663,2088.712240042,2049.777278881,1973.747601821,1988.658905843,2036.727017752,2023.184947835,1906.298413486,1972.108705598,1926.749160884,1999.07537706,1961.36469033,1890.176801572,2083.021100832,2015.540438388,1901.616211103,2035.208591679,1987.10458844,2018.351721307,1999.716923489,2071.058114059,1972.942355603,2075.613404297,1941.01312227,1942.888299962,2017.040381013,1950.43733251,1974.036700096,2048.218040772,2034.477781549,1994.675455837,2046.945283569,1996.399028592,2044.595978399,1982.212778781,1972.444959447,2033.98295671,2050.52208648,1991.331115844,2082.929506757,1969.668023772,1984.983289485,2020.152634201,2001.298320288,2037.024227399,2024.920765882,2049.549166295,2067.477433041,2062.259382439,1947.749342617,1976.078849669,1937.889413218,2034.976440507,2012.739782392,1980.766954456,2031.193979962,1958.980026397,2033.604863532,1956.512504522,2017.235867401,2016.248668185,2020.554711171,1997.862847742,2060.336147328,2025.348198522,2015.787108654,2026.701607513,2025.89051906,1934.570804577],