{"0.025":[1.0,1.0,1.0,1.0,1.0,1.0,1.0,1.0,1.0,1.0,1.0,1.0,1.0,1.0,1.0,1.0,1.0,1.0,1.0,1.0,1.0,1.0,1.0,1.0,1.0,1.0,1.0,1.0,1.0,1.0,1.0,0.9333333333333333,1.0,1.0,1.0,1.0,1.0,1.0,1.0,1.0,1.0,0.9333333333333333,1.0,1.0,1.0,0.9,1.0,1.0,1.0,1.0,1.0,1.0,1.0,0.9333333333333333,1.0,1.0,1.0,1.0,1.0,1.0,1.0,1.0,1.0,1.0,1.0,1.0,1.0,1.0,1.0,1.0,1.0,1.0,1.0,1.0,1.0,1.0,1.0,1.0,1.0,1.0,1.0,0.9333333333333333,1.0,1.0,1.0,1.0,1.0,1.0,0.9333333333333333,1.0,1.0,1.0,1.0,1.0,1.0,1.0,1.0,1.0,1.0,1.0],"0.0725":[0.9333333333333333,0.7,1.0,0.9333333333333333,0.8666666666666667,1.0,1.0,0.9333333333333333,0.9333333333333333,1.0,0.9333333333333333,0.9333333333333333,0.9333333333333333,0.9333333333333333,0.9333333333333333,0.9333333333333333,0.8666666666666667,1.0,0.9333333333333333,1.0,1.0,1.0,0.8666666666666667,0.9333333333333333,0.8666666666666667,0.8666666666666667,1.0,0.9333333333333333,0.9333333333333333,0.8666666666666667,1.0,0.8666666666666667,0.8666666666666667,0.9333333333333333,0.9333333333333333,1.0,1.0,1.0,0.9333333333333333,0.9333333333333333,0.9333333333333333,1.0,0.8666666666666667,0.9333333333333333,0.8666666666666667,0.9333333333333333,0.9333333333333333,0.8,1.0,0.8666666666666667,0.9333333333333333,1.0,0.9333333333333333,1.0,0.9333333333333333,1.0,1.0,1.0,0.9333333333333333,0.8666666666666667,0.9333333333333333,1.0,0.8666666666666667,1.0,1.0,1.0,0.9333333333333333,1.0,0.8666666666666667,0.9333333333333333,0.9333333333333333,1.0,1.0,0.8,0.9333333333333333,0.8666666666666667,0.9333333333333333,0.9333333333333333,1.0,1.0,1.0,1.0,1.0,1.0,0.8666666666666667,0.8666666666666667,0.8333333333333334,1.0,0.9333333333333333,0.8666666666666667,0.9333333333333333,1.0,0.9,0.9333333333333333,0.9333333333333333,1.0,0.9333333333333333,1.0,0.9333333333333333,0.8666666666666667],"0.15":[0.8,0.7333333333333333,0.8,0.8,0.8,0.8666666666666667,0.8333333333333334,0.5,0.36666666666666664,0.6,0.8,0.5333333333333333,0.4666666666666667,0.8,0.6666666666666666,0.6666666666666666,0.7,0.5666666666666667,0.6333333333333333,0.8,0.8333333333333334,0.6333333333333333,0.7333333333333333,0.9333333333333333,0.6333333333333333,0.9333333333333333,0.16666666666666666,0.0,0.7333333333333333,0.7333333333333333,0.5666666666666667,0.5666666666666667,0.6333333333333333,0.6,0.7333333333333333,0.4,0.7333333333333333,0.6,0.8333333333333334,0.8333333333333334,0.7333333333333333,0.8333333333333334,0.5333333333333333,0.8,0.8,0.7,0.8,0.7333333333333333,0.8333333333333334,0.6,0.7333333333333333,0.3333333333333333,0.6333333333333333,0.9333333333333333,0.8666666666666667,0.8,0.7,0.7333333333333333,0.8,0.7333333333333333,0.5333333333333333,0.6333333333333333,0.7333333333333333,0.7333333333333333,0.6333333333333333,0.8,0.6666666666666666,0.8333333333333334,0.8,0.9,0.6333333333333333,0.8,0.8333333333333334,0.6333333333333333,0.8,0.8666666666666667,0.7666666666666667,0.7333333333333333,0.6,0.7333333333333333,0.2,0.6,0.7,0.7333333333333333,0.06666666666666667,0.8,0.8,0.6,0.6666666666666666,0.7333333333333333,0.7333333333333333,0.7333333333333333,0.7333333333333333,0.8666666666666667,0.6,0.8,0.7,0.6333333333333333,0.6666666666666666,0.6],"0.175":[0.7333333333333333,0.2,0.13333333333333333,0.6,0.7,0.5333333333333333,0.5333333333333333,0.6333333333333333,0.6333333333333333,0.6,0.7333333333333333,0.6333333333333333,0.7,0.6333333333333333,0.7333333333333333,0.7333333333333333,0.6333333333333333,0.5666666666666667,0.6333333333333333,0.6333333333333333,0.6333333333333333,0.5666666666666667,0.7333333333333333,0.7333333333333333,0.6333333333333333,0.8,0.1,0.5666666666666667,0.8666666666666667,0.8333333333333334,0.6666666666666666,0.4666666666666667,0.43333333333333335,0.6666666666666666,0.06666666666666667,0.5666666666666667,0.06666666666666667,0.8,0.7,0.03333333333333333,0.6,0.7333333333333333,0.5666666666666667,0.7666666666666667,0.7666666666666667,0.5,0.6,0.6333333333333333,0.8333333333333334,0.6666666666666666,0.7666666666666667,0.8,0.5,0.7,0.7333333333333333,0.5666666666666667,0.7666666666666667,0.5666666666666667,0.7,0.6333333333333333,0.7,0.36666666666666664,0.6333333333333333,0.5666666666666667,0.6666666666666666,0.5666666666666667,0.4666666666666667,0.5666666666666667,0.5333333333333333,0.7,0.7666666666666667,0.4666666666666667,0.7,0.26666666666666666,0.7333333333333333,0.4,0.26666666666666666,0.5666666666666667,0.5333333333333333,0.7666666666666667,0.8666666666666667,0.7666666666666667,0.5666666666666667,0.36666666666666664,0.5333333333333333,0.43333333333333335,0.3,0.6666666666666666,0.5,0.6,0.8,0.7333333333333333,0.6666666666666666,0.7333333333333333,0.7,0.7333333333333333,0.6,0.6333333333333333,0.8,0.8666666666666667],"0.2":[0.7,0.8666666666666667,0.7,0.7,0.6666666666666666,0.5,0.5666666666666667,0.5666666666666667,0.7333333333333333,0.6,0.5333333333333333,0.5666666666666667,0.5333333333333333,0.13333333333333333,0.6666666666666666,0.6,0.5333333333333333,0.6,0.4,0.7,0.6666666666666666,0.3,0.6333333333333333,0.3333333333333333,0.4666666666666667,0.6,0.4,0.5333333333333333,0.6666666666666666,0.7333333333333333,0.7,0.7333333333333333,0.5333333333333333,0.8,0.23333333333333334,0.5666666666666667,0.4666666666666667,0.4,0.43333333333333335,0.5666666666666667,0.8,0.4,0.9,0.5666666666666667,0.23333333333333334,0.16666666666666666,0.13333333333333333,0.26666666666666666,0.6,0.5,0.8666666666666667,0.6333333333333333,0.6666666666666666,0.8,0.6333333333333333,0.43333333333333335,0.13333333333333333,0.5333333333333333,0.4,0.23333333333333334,0.4666666666666667,0.03333333333333333,0.8333333333333334,0.4666666666666667,0.13333333333333333,0.5666666666666667,0.26666666666666666,0.8,0.5,0.4,0.2,0.7333333333333333,0.7666666666666667,0.8,0.4,0.5,0.13333333333333333,0.43333333333333335,0.5333333333333333,0.8,0.6333333333333333,0.6333333333333333,0.5333333333333333,0.9333333333333333,0.5,0.7333333333333333,0.5333333333333333,0.7666666666666667,0.7,0.7666666666666667,0.43333333333333335,0.5666666666666667,0.6333333333333333,0.6333333333333333,0.5666666666666667,0.5666666666666667,0.6333333333333333,0.4666666666666667,0.23333333333333334,0.5666666666666667],"0.1":[0.8666666666666667,0.8666666666666667,1.0,0.8,0.8,0.9333333333333333,0.8666666666666667,0.8333333333333334,0.8333333333333334,0.9333333333333333,0.9333333333333333,0.9333333333333333,0.9333333333333333,0.9333333333333333,0.9333333333333333,0.8666666666666667,0.8,0.7666666666666667,0.7666666666666667,0.8,0.8666666666666667,1.0,0.8666666666666667,0.8333333333333334,1.0,1.0,0.9,0.9333333333333333,0.8666666666666667,0.8,0.9333333333333333,0.9,0.7,0.7666666666666667,0.8666666666666667,0.9333333333333333,1.0,0.9333333333333333,0.8666666666666667,1.0,0.9333333333333333,0.8333333333333334,0.9,0.9333333333333333,0.9333333333333333,0.8666666666666667,0.8666666666666667,0.9333333333333333,0.7333333333333333,0.8666666666666667,0.9333333333333333,0.9333333333333333,0.9333333333333333,1.0,0.9333333333333333,0.8333333333333334,0.8,0.8,0.7333333333333333,0.8,0.9,1.0,0.8,1.0,0.8666666666666667,0.7333333333333333,1.0,0.8666666666666667,0.9333333333333333,1.0,0.8333333333333334,1.0,0.9333333333333333,1.0,0.8,0.9333333333333333,0.8666666666666667,0.8333333333333334,0.7,0.9333333333333333,1.0,0.8,0.7,0.8333333333333334,1.0,0.9333333333333333,0.9,0.8666666666666667,0.8333333333333334,0.9,0.8,0.9,0.7333333333333333,0.7333333333333333,0.8,1.0,1.0,0.7666666666666667,0.9333333333333333,0.8],